[1,["ecpdLyjvZBwrvm+cedCcQy","ee901MqlZGWbb17Kb8/OL2","d9/AQO5PJIz7aQjAabHijf","788jYbqLRNM5eH1bDO+86d","9fmqSJukVJk7XGPZ5Suzd9"],["node","_spriteFrame","_textureSetter","scene","_parent"],[["cc.Node",["_name","_id","_components","_contentSize","_parent","_trs","_children"],1,9,5,1,7,2],["cc.Node",["_name","_active","_parent","_components","_contentSize","_trs","_color"],1,1,2,5,7,5],["cc.Sprite",["_sizeMode","_type","node","_materials","_spriteFrame"],1,1,3,6],"cc.SpriteFrame",["cc.Widget",["_alignFlags","_originalWidth","_originalHeight","node"],0,1],["cc.Label",["_N$verticalAlign","_string","node","_materials"],1,1,3],["cc.SceneAsset",["_name","asyncLoadAssets"],1],["cc.Canvas",["node","_designResolution"],3,1,5],["cc.Scene",["_name","_children","_anchorPoint","_trs"],2,2,5,7],["cc.Camera",["_clearFlags","_depth","node"],1,1],["89e3bULnINAO5LStk1zefH7",["node","loadingSprite","loadingLabel","lbInfo"],3,1,1,1,1]],[[0,0,4,2,3,5,2],[6,0,1,3],[0,0,1,6,2,3,5,3],[0,0,4,2,3,2],[0,0,4,2,2],[1,0,2,3,4,5,2],[1,0,1,2,3,4,5,3],[1,0,2,3,6,4,5,2],[7,0,1,1],[4,0,3,2],[4,0,1,2,3,4],[2,0,2,3,4,2],[2,2,3,1],[2,1,2,3,2],[8,0,1,2,3,2],[9,0,1,2,3],[5,0,2,3,2],[5,1,0,2,3,3],[10,0,1,2,3,1]],[[[[1,"LoadScene",null],[2,"Canvas","a5esZu+45LA5mBpvttspPD",[-3,-4,-5,-6,-7,-8,-9],[[8,-1,[5,1280,720]],[9,45,-2]],[5,1280,720],[640,360,0,0,0,0,1,1,1,1]],[3,"BG",1,[[11,0,-10,[0],1],[10,45,1280,720,-11]],[5,1280,720]],[14,"New Node",[1],[0,0,0],[0,0,0,0,0,0,1,1,1,1]],[0,"Main Camera",1,[[15,7,-1,-12]],[5,960,640],[0,0,623.5382907247958,0,0,0,1,1,1,1]],[0,"Logo",1,[[12,-13,[2]]],[5,201,79],[1.823,131.222,0,0,0,0,1,1,1,1]],[5,"blue bar",1,[-14],[5,564,18],[0,-225.882,0,0,0,0,1,1,1,1]],[13,3,6,[3]],[6,"labelinfo",false,1,[-15],[5,0,50.4],[0,-23.857,0,0,0,0,1,1,1,1]],[16,1,8,[4]],[7,"label loading",1,[-16],[4,4279045451],[5,97.87,50.4],[0,-278.921,0,0,0,0,1,1,1,1]],[17,"Label",1,10,[5]],[4,"LoadGameController",1,[[18,-17,7,11,9]]]],0,[0,0,1,0,0,1,0,-1,4,0,-2,2,0,-3,5,0,-4,6,0,-5,8,0,-6,10,0,-7,12,0,0,2,0,0,2,0,0,4,0,0,5,0,-1,7,0,-1,9,0,-1,11,0,0,12,0,3,3,1,4,3,17],[0,0,0,0,0,0,7],[-1,1,-1,-1,-1,-1,1],[0,1,0,0,0,0,2]],[[{"name":"ocean","rect":[0,0,564,18],"offset":[0,0],"originalSize":[564,18],"capInsets":[0,0,0,0]}],[3],0,[0],[2],[3]],[[{"name":"bgr-03","rect":[0,0,1280,720],"offset":[0,0],"originalSize":[1280,720],"capInsets":[0,0,0,0]}],[3],0,[0],[2],[4]]]]